"id","projeto_id","descricao","arquivo","horario"
10,103,"","bef31cf0-1036-11ee-b2df-0242ac110013_sep_FICHA_DE_QUALIFICACAO_INDICADORES_21-06-2023.pdf","2023-06-21 10:23:01.35942"
11,103,"","c1d37618-1036-11ee-b2b3-0242ac110013_sep_FICHA_DE_QUALIFICACAO_INDICADORES_21-06-2023.pdf","2023-06-21 10:23:06.193441"
12,245,"","69da9e8c-1414-11ee-a13c-0242ac110013_sep_Formulario_Solicitacao_de_Demanda_-LGBTQIA.pdf","2023-06-26 08:27:20.589505"
4,297,"","4d588150-09df-11ee-83d8-0242ac110005_sep_Centralizador_de_paineis_1.JPG","2023-06-13 08:41:57.590597"
5,297,"","564b1886-09df-11ee-829c-0242ac110005_sep_centralizador_de_paineis_3.JPG","2023-06-13 08:42:12.580199"
6,297,"","5e3a1344-09df-11ee-99f8-0242ac110005_sep_centralizador_de_paineis_4.JPG","2023-06-13 08:42:25.92708"
7,297,"","6a606f06-09df-11ee-a807-0242ac110005_sep_Modelo_do_centralizador.JPG","2023-06-13 08:42:46.311334"
8,261,"","69f22772-09e3-11ee-bec1-0242ac110005_sep_Formulario_Solicitacao_de_Demanda_-_Formularios_Google_52.pdf","2023-06-13 09:11:23.573783"
9,297,"","de417fa2-0c4e-11ee-8d4f-0242ac110013_sep_Capturar_1.JPG","2023-06-16 11:05:37.170166"
13,245,"","a87796fe-1414-11ee-b009-0242ac110013_sep_Ficha_e-_sus.pdf","2023-06-26 08:29:05.647748"
14,331,"","42d554d0-1680-11ee-b8ab-0242ac110013_sep_LEITOS_X_ESPECIALIDADES_X_PROCEDIMENTOS.xlsx","2023-06-29 10:24:22.880658"
15,331,"","4aa4ee28-1680-11ee-83e0-0242ac110013_sep_CNV.zip","2023-06-29 10:24:35.996844"
16,343,"<p><a href=""https://app.powerbi.com/view?r=eyJrIjoiOTFiNzQyNzQtZjhjOC00NGUwLWEwMjQtNTIxMTllZDYzYzQ2IiwidCI6Ijg5Njk1YTU5LTc0OTgtNDc0Ny1iNzhjLTFjOWExZWJkYmM4MiJ9"">https://app.powerbi.com/view?r=eyJrIjoiOTFiNzQyNzQtZjhjOC00NGUwLWEwMjQtNTIxMTllZDYzYzQ2IiwidCI6Ijg5Njk1YTU5LTc0OTgtNDc0Ny1iNzhjLTFjOWExZWJkYmM4MiJ9</a></p>",NULL,"2023-07-06 15:08:36.336943"
18,346,"","930bf894-1f3d-11ee-a9b4-0242ac110013_sep_fichas_eSUS_-_Rogerio_Borges.pdf","2023-07-10 13:19:41.730692"
17,346,"","c379b804-1f3d-11ee-929a-0242ac110013_sep_Formulario_Solicitacao_de_Demanda_-_35.pdf","2023-07-10 13:19:05.728719"
19,60,"","d9fdddae-1f46-11ee-bef8-0242ac110013_sep_Dados_indicador1_4.csv","2023-07-10 14:26:06.125279"
20,60,"","e4aadd92-1f46-11ee-aef1-0242ac110013_sep_Recurso_financeiro_por_municipio_e_etapas_01.12.2022_4.xlsx","2023-07-10 14:26:24.035669"
21,60,"","f625e094-1f46-11ee-b836-0242ac110013_sep_VACINA_-_Apres._Painel_-_Gerencia_de_Imunizacao_Coordenacao_SIPNI_2.pptx","2023-07-10 14:26:53.37446"
22,60,"","10454e24-1f47-11ee-93ed-0242ac110013_sep_VACINA-_Formulario_Solicitacao_de_Demanda_-_Formularios_Google_38.pdf","2023-07-10 14:27:37.186092"
23,60,"","3713898a-1f47-11ee-8d8a-0242ac110013_sep_FICHA_DE_QUALIFICACAO_INDICADORES.docx","2023-07-10 14:28:42.40554"
24,103,"","c6c4c81e-1f47-11ee-9518-0242ac110013_sep_FICHA_DE_QUALIFICACAO_INDICADORES_21-06-2023_1.pdf","2023-07-10 14:32:43.479664"
25,339,"<p>Prot&oacute;tipo aprovado via e-mail no dia 14/07/2023</p>","788bd43c-2238-11ee-82f8-0242ac110013_sep_Prototipo_Sifilis_Congenita_casos_1.JPG","2023-07-14 08:20:43.182736"
26,339,"<p><a href=""https://app.powerbi.com/view?r=eyJrIjoiOTFiNzQyNzQtZjhjOC00NGUwLWEwMjQtNTIxMTllZDYzYzQ2IiwidCI6Ijg5Njk1YTU5LTc0OTgtNDc0Ny1iNzhjLTFjOWExZWJkYmM4MiJ9"">https://app.powerbi.com/view?r=eyJrIjoiOTFiNzQyNzQtZjhjOC00NGUwLWEwMjQtNTIxMTllZDYzYzQ2IiwidCI6Ijg5Njk1YTU5LTc0OTgtNDc0Ny1iNzhjLTFjOWExZWJkYmM4MiJ9</a></p>",NULL,"2023-07-27 10:02:18.90007"
27,339,"<p><a href=""https://app.powerbi.com/view?r=eyJrIjoiOTFiNzQyNzQtZjhjOC00NGUwLWEwMjQtNTIxMTllZDYzYzQ2IiwidCI6Ijg5Njk1YTU5LTc0OTgtNDc0Ny1iNzhjLTFjOWExZWJkYmM4MiJ9"">https://app.powerbi.com/view?r=eyJrIjoiOTFiNzQyNzQtZjhjOC00NGUwLWEwMjQtNTIxMTllZDYzYzQ2IiwidCI6Ijg5Njk1YTU5LTc0OTgtNDc0Ny1iNzhjLTFjOWExZWJkYmM4MiJ9</a></p>",NULL,"2023-07-27 10:02:24.041438"
28,339,"<p>https://docs.google.com/spreadsheets/d/1VXSZ2j7DjFt8sZAe_6QGD8bnDtNMLPTDv1QRXO1nGQo/edit#gid=0</p>",NULL,"2023-07-31 10:17:01.781719"
29,339,"<p>https://docs.google.com/spreadsheets/d/1VXSZ2j7DjFt8sZAe_6QGD8bnDtNMLPTDv1QRXO1nGQo/edit#gid=0</p>",NULL,"2023-07-31 10:17:07.222889"
32,382,"","e962cee8-3b62-11ee-83c7-0242ac110013_sep_Formulario_Solicitacao_de_Demanda_-_54.pdf","2023-08-15 08:57:30.431429"
31,374,"<p><img src=""/static/uploads/add?_flt_0_projeto=374-05175c19-3560-44a8-8743-ead04ccabadd-mceclip0.jpg"" /></p>",NULL,"2023-07-31 10:42:22.778259"
33,60,"<p>&nbsp;Ficha do Indicador 2, do Programa 1, do Projeto de Cofinanciamento das A&ccedil;&otilde;es de Vigil&acirc;ncia em Sa&uacute;de com as devidas atualiza&ccedil;&otilde;es.</p>","4ea7f42a-3b83-11ee-965c-0242ac110013_sep_Ficha_do_indicador_2_-_covid-19_atualizada_em_15.08.2023.odt","2023-08-15 12:49:24.185612"
34,346,"<p>E-mail com defini&ccedil;&atilde;o da reuni&atilde;o dia 30/08/2023</p>","4309ad7e-481d-11ee-89d3-0242ac110013_sep_email_-_pop_rua.pdf","2023-08-31 13:41:41.148921"
35,346,"<p>Ficha de atendimento com marcadores de defini&ccedil;&atilde;o da reuni&atilde;o dia 30/08/2023</p>","5bbfd834-481d-11ee-b78d-0242ac110013_sep_ficha_atendimento.pdf","2023-08-31 13:42:22.614453"
36,254,"<p>Ficha Sinan</p>","36c6f20c-48e4-11ee-b9ed-0242ac110013_sep_DRT_Transtornos_MentaisAtual-28-01-20.pdf","2023-09-01 13:25:50.527111"
37,377,"<p>Formul&aacute;rio de Solicita&ccedil;&atilde;o de demanda</p>","79f0c46c-48e5-11ee-86ea-0242ac110013_sep_Formulario_Solicitacao_de_Demanda_-_55.pdf","2023-09-01 13:34:52.617413"
38,377,"<p>Fluxo do painel RUE</p>","ab5fde98-48e5-11ee-9298-0242ac110013_sep_FLUXO_PAINEL_RUE_-_GERA_SES-GO.odp","2023-09-01 13:36:15.54515"
39,254,"<p>Dicion&aacute;rio de dados</p>","e876565a-48fd-11ee-9ce3-0242ac110013_sep_DIC_DADOS_DRT_TranstornosMentais_v5.pdf","2023-09-01 16:29:45.95373"
40,377,"<p>Fluxo</p>","25e12b2c-4c10-11ee-8d88-0242ac110013_sep_WhatsApp_Image_2023-09-05_at_10.11.58.jpeg","2023-09-05 14:17:53.422976"
41,377,"<p>Unidade b&aacute;sica de sa&uacute;de</p>","2f60ca90-4c10-11ee-9475-0242ac110013_sep_FLUXO_PAINEL_RUE_1.odp","2023-09-05 14:18:09.359812"
46,415,"<p><a href=""https://docs.google.com/spreadsheets/d/1eXJSUkemFC59jxSg4ntbXtyDG39dog1pHSw8vhSAIgw/edit#gid=0"">https://docs.google.com/spreadsheets/d/1eXJSUkemFC59jxSg4ntbXtyDG39dog1pHSw8vhSAIgw/edit#gid=0</a></p>",NULL,"2023-10-09 13:18:20.185527"
43,421,"","6481b1cc-62bc-11ee-9176-0242ac110013_sep_GEZOTRANSP2ATUAL.xlsx","2023-10-04 10:46:17.593806"
44,421,"","6fb88afc-62bc-11ee-8189-0242ac110013_sep_GEZO_TRANSP2.xlsx","2023-10-04 10:46:36.43282"
58,111,"","08b36668-f11b-11ee-834d-0242ac110007_sep_LACEN_-_BANCO_DE_DADOS_DEZEMBRO_2022_ATUAL_1_1_1.xlsx","2024-04-02 15:01:30.861013"
47,435,"","aa382d80-7366-11ee-bd71-0242ac110013_sep_WhatsApp_Image_2023-10-25_at_14.29.32_-_Gerencia_internacao.jpeg.pdf","2023-10-25 15:45:27.528354"
48,435,"","b37e4ac8-7366-11ee-878f-0242ac110013_sep_Formulario_Solicitacao_de_Demanda_-_Lorena.pdf","2023-10-25 15:45:43.080701"
49,377,"","ce67e502-781f-11ee-927a-0242ac110013_sep_FLUXO_PAINEL_REGULACAO_1.odp","2023-10-31 16:00:49.776296"
50,89,"","4b71c250-8fba-11ee-be3b-0242ac110007_sep_2023-11-30_15..zip","2023-11-30 16:54:49.663635"
51,89,"","e18ae132-9a72-11ee-9e63-0242ac110007_sep_Apresentacao_do_painel.docx","2023-12-14 08:21:09.651058"
52,440,"","02722938-a026-11ee-af19-0242ac110007_sep_Formulario_Solicitacao_de_Demanda_-57.pdf","2023-12-21 14:26:00.593769"
53,446,"","95039264-a026-11ee-90c7-0242ac110007_sep_Formulario_Solicitacao_de_Demanda_-59.pdf","2023-12-21 14:30:06.479371"
54,444,"","5123332e-a0e4-11ee-b439-0242ac110007_sep_Formulario_Solicitacao_de_Demanda_-58.pdf","2023-12-22 13:08:16.984851"
60,511,"","9d3ab784-0974-11ef-9a86-0242ac110007_sep_Orion_-_Oncologia.pdf","2024-05-03 14:43:13.118633"
62,521,"","1a2eda9c-0eeb-11ef-a8c4-0242ac110015_sep_SEI_GOVERNADORIA_-_59198336_-_Painel_Hanseniase.pdf","2024-05-10 13:34:01.588174"
55,450,"","6ef5648c-afd8-11ee-8497-0242ac110007_sep_Formulario_Solicitacao_de_Demanda_-_62.pdf","2024-01-10 13:51:00.496944"
56,445,"","240dac56-b468-11ee-bc39-0242ac110007_sep_PAINEL_REDES_1.pdf","2024-01-16 09:09:47.001709"
57,378,"","c97ba0f8-d006-11ee-bdb3-0242ac110007_sep_Modelo_painel_oncologia_-_GERA_SES-GO.zip","2024-02-20 12:43:26.434122"
61,521,"","12991932-0eeb-11ef-a2c2-0242ac110015_sep_SEI_GOVERNADORIA_-_59095154_-_PAINEL_DE_DADOS_EPIDEMIOLOGICOS_DE_HANSENIASE.pdf","2024-05-10 13:33:48.99239"
63,521,"","2d6b309e-0efd-11ef-a289-0242ac110015_sep_Hanseniase_v5.pdf","2024-05-10 15:43:22.973816"
64,500,"<p>Formul&aacute;rio</p>","ea2ca286-3d55-11ef-9633-0242ac110017_sep_SEI_GOVERNADORIA_-_59180706_-_tuberculose.pdf","2024-07-08 15:14:28.257364"
65,508,"<p>Corre&ccedil;&otilde;es que faltam para homologa&ccedil;&atilde;o da &aacute;rea</p>","e0cac1f6-3def-11ef-a156-0242ac110017_sep_PAINEL_VIGILANCIA_1.doc","2024-07-09 09:36:35.056386"
66,508,"<p>Solicita&ccedil;&atilde;o de ajustes&nbsp;</p>","f88221e0-3def-11ef-b1b6-0242ac110017_sep_Consideracoes_26_marco.docx","2024-07-09 09:37:14.813788"
67,534,"","dba67434-3ebe-11ef-80c2-0242ac110017_sep_SIVIS.pdf","2024-07-10 10:18:12.221994"
68,534,"","e2e658c2-3ebe-11ef-ba08-0242ac110017_sep_SIVIS2.pdf","2024-07-10 10:18:24.381345"
69,460,"<p>https://drive.google.com/drive/u/2/folders/1Xo3nVmmjDaMsB_pWKbltxxShZGIySspy</p>",NULL,"2024-07-11 14:02:17.738891"
70,543,"","1d2a74d2-42cf-11ef-922e-0242ac110017_sep_SEI_GOVERNADORIA_-_61733018_-_Solicitacao_de_Demandas_para_a_SUTIS_-_SES.pdf","2024-07-15 14:24:38.728149"
71,543,"","ac9fe506-4370-11ef-a0e1-0242ac110017_sep_reuniao-01.zip","2024-07-16 09:41:23.875163"
72,112,"","3273a670-4e6d-11ef-80cb-0242ac110017_sep_Tabela_de_Habilitacoes.xlsx","2024-07-30 09:13:36.459546"
73,13,"","979fb822-4e9a-11ef-bb95-0242ac110017_sep_REUNIAO-REGULATRO-CIRURGIA-30-7.zip","2024-07-30 14:39:05.831495"
74,33,"<p>reuniao do dia 01/08</p>","98822756-5319-11ef-b4bb-0242ac110017_sep_2024-08-01_14-08-52.mp4","2024-08-05 07:58:18.425341"
75,33,"","1d9e62be-531b-11ef-b9d5-0242ac110017_sep_2024-08-01_14-20-56.mp4","2024-08-05 08:09:49.540206"
76,33,"","0cc1e91a-531c-11ef-9919-0242ac110017_sep_2024-08-01_15-02-21.mp4","2024-08-05 08:15:53.688353"
77,561,"","7d3ae230-58b9-11ef-aafa-0242ac110017_sep_SEI_GOVERNADORIA_-_63305975_-_Despacho.pdf","2024-08-12 11:45:16.568216"
78,543,"","2cc118f2-5999-11ef-9c85-0242ac110017_sep_ORIGINAL_Planilha_Painel_Ger_Inovacao_2a_versao_4.xlsx","2024-08-13 14:26:28.836848"
79,543,"","5032af1c-5999-11ef-a8fe-0242ac110017_sep_Sobre_os_Dados_Painel_Auditorias_SUS.docx","2024-08-13 14:27:28.260161"
80,21,"","449001ac-5bc2-11ef-b9a8-0242ac110017_sep_2024-08-14_14-09-10.zip","2024-08-16 08:25:51.905931"
81,566,"","4b31d1a0-615a-11ef-a5a0-0242ac110017_sep_demandas_Painel_de_Tendencias_-_2024-08_2.pdf","2024-08-23 11:16:30.918257"
86,568,"","83635664-63dc-11ef-a735-0242ac110017_sep_65f9ae37ca6904.18798203Consideracoes_sobre_definicao_dos_pontos_de_atencao_do_painel_da_RAPS_1_1.odt","2024-08-26 15:53:42.066836"
146,476,"","68aa39b0-d299-11ef-bb69-0242ac110017_sep_aa382d80-7366-11ee-bd71-0242ac110013_sep_WhatsApp_Image_2023-10-25_at_14.29.32_-_Gerencia_internacao.jpeg_1.pdf","2025-01-14 14:02:59.99946"
84,567,"","6044aa1a-615d-11ef-9cc5-0242ac110017_sep_SEI_GOVERNADORIA_-_63176606_-_Solicitacao_de_Demandas_para_a_SUTIS_-_SES.pdf","2024-08-23 11:38:34.761273"
85,567,"","683d5294-615d-11ef-9e13-0242ac110017_sep_SEI_GOVERNADORIA_-_63176595_-_Oficio.pdf","2024-08-23 11:38:48.093273"
87,10,"","6a86dd80-71bc-11ef-ae33-0242ac110017_sep_2024-08-16_15-26-32.zip","2024-09-13 07:39:19.040117"
88,112,"","0fe960d6-71bd-11ef-a15b-0242ac110017_sep_Demanda_da_Regulacao_SEI_62627099_Despacho_414.pdf","2024-09-13 07:41:27.465453"
89,112,"","b00613fa-71bf-11ef-b841-0242ac110017_sep_Demanda_da_Regulacao_SEI_62627099_Despacho_414.pdf","2024-09-13 08:02:37.938743"
90,574,"","c94d636a-79ab-11ef-8bab-0242ac110017_sep_PLEITO_Processo_202400010066772.docx","2024-09-23 10:00:19.692499"
91,103,"","04a36194-7a79-11ef-bf5b-0242ac110017_sep_2024-09-13_11-07-08.mp4","2024-09-24 10:29:30.502058"
92,5,"","5c93829e-7a79-11ef-a7a8-0242ac110017_sep_2024-09-17_14-41-10.mp4","2024-09-24 10:31:54.612735"
93,5,"","738dc0f4-7a79-11ef-881f-0242ac110017_sep_2024-09-17_14-43-37.mp4","2024-09-24 10:32:38.917192"
94,5,"","a3b465b2-7a79-11ef-803b-0242ac110017_sep_2024-09-17_14-57-42.mp4","2024-09-24 10:34:07.360911"
95,10,"","1da234bc-7a7a-11ef-b5a4-0242ac110017_sep_2024-09-19_10-08-40.mp4","2024-09-24 10:37:23.617319"
96,10,"","6b127f90-7a7a-11ef-9b98-0242ac110017_sep_2024-09-19_13-36-14.mp4","2024-09-24 10:39:34.631144"
97,101,"","fa3e73f8-7b61-11ef-9152-0242ac110017_sep_Analise_antes_homologacao_24_06_2.xlsx","2024-09-25 14:17:01.269777"
98,561,"","7e8121be-7c26-11ef-ae33-0242ac110017_sep_2024-09-26_09-20-34.mp4","2024-09-26 13:44:01.337956"
99,561,"","2130b9be-7c28-11ef-80dd-0242ac110017_sep_2024-09-26_09-55-38.mp4","2024-09-26 13:55:34.366728"
100,561,"","5838ad22-7c41-11ef-ae33-0242ac110017_sep_2024-09-26_15-55-54.mp4","2024-09-26 16:56:06.690523"
101,561,"","9951494a-7c41-11ef-8975-0242ac110017_sep_2024-09-26_16-13-57.mp4","2024-09-26 16:57:51.51438"
102,523,"","83d053bc-7cf1-11ef-8153-0242ac110017_sep_SEI_GOVERNADORIA_-_65073925_-_Oficio.pdf","2024-09-27 13:57:01.289958"
103,589,"","94b26602-80e8-11ef-9ade-0242ac110017_sep_2024-10-02_14-05-28.mp4","2024-10-02 15:03:39.073473"
104,589,"","cda012e4-8272-11ef-98b5-0242ac110017_sep_2024-10-03_14-07-20.mp4","2024-10-04 14:05:10.113637"
105,589,"","0322d1fe-8273-11ef-921f-0242ac110017_sep_2024-10-03_15-01-03.mp4","2024-10-04 14:06:41.380975"
106,10,"","13440b64-827a-11ef-a1ad-0242ac110017_sep_2024-10-04_14-05-58.mp4","2024-10-04 14:57:27.274611"
107,508,"","488223bc-849e-11ef-bd0f-0242ac110017_sep_Alteracoes_-_Homologacao_painel_SG.pdf","2024-10-07 08:21:22.855586"
108,89,"","6574f602-849e-11ef-a8f9-0242ac110017_sep_Alteracoes_-_Homologacao_painel_SG.pdf","2024-10-07 08:22:11.465997"
109,507,"","e3debfc8-849e-11ef-847f-0242ac110017_sep_Avaliacao_para_homologacao_do_painel_de_Oncologia.pdf","2024-10-07 08:25:43.813899"
110,558,"","f463c578-849e-11ef-a345-0242ac110017_sep_Avaliacao_para_homologacao_do_painel_de_Oncologia.pdf","2024-10-07 08:26:20.329733"
111,507,"","1f377434-849f-11ef-a5a8-0242ac110017_sep_PDF_para_IA_do_Painel.zip","2024-10-07 08:28:19.911047"
112,591,"","b331d19c-84a5-11ef-bf75-0242ac110017_sep_Validacao_Estratificacao_de_risco_-_Fernanda_1.docx.pdf","2024-10-07 09:14:28.405497"
113,591,"","b97c552c-84a5-11ef-90a2-0242ac110017_sep_SEI_GOVERNADORIA_-_64354563_-_Despacho_-_Calculadora.pdf","2024-10-07 09:14:38.879874"
148,429,"","74b95d52-d3ee-11ef-a699-0242ac110017_sep_LILIAN_Painel_Saude_360___37219514___37221167___37221249.xlsx","2025-01-16 06:44:18.626529"
158,595,"<p>Link da ficha de qualifica&ccedil;&atilde;o no Guia de Indicadores:</p>
<p><a href=""https://guia-indicadores.saude.go.gov.br/index#indicador-511"">https://guia-indicadores.saude.go.gov.br/index#indicador-511</a></p>
<p>&nbsp;</p>",NULL,"2025-02-18 06:43:25.285096"
151,534,"<p>Tabela de Agravos envcaminhada 30 01 25</p>","7b7b7014-df27-11ef-9563-0242ac110017_sep_tabela_agravos_SINAN_NET_-_ESUS_NOTIFICA_ESUS_SINAN_SIVEPGRIPE_SINAN_ONLINE.xlsx","2025-01-30 13:30:14.06202"
162,665,"","f9ed2b7c-f381-11ef-a327-0242ac11001d_sep_repo.drawio.png","2025-02-25 11:08:24.202985"
152,534,"<p>Rela&ccedil;&atilde;o Unidades Painel encaminhada 21 01 25</p>","b5da6594-df27-11ef-bf44-0242ac110017_sep_Relacao_Unidades_Painel.xlsx","2025-01-30 13:31:51.98776"
114,591,"","c660e65e-84a5-11ef-a1f9-0242ac110017_sep_SEI_GOVERNADORIA_-_61364157_-_Oficio.pdf","2024-10-07 09:15:00.52706"
121,521,"","a7edb22e-8be9-11ef-be91-0242ac110017_sep_Hanseniase_PERGUNTAS_PARA_O_PAINEL_CONECTA.docx","2024-10-16 15:08:33.343702"
123,521,"","c86450c6-8be9-11ef-b4f4-0242ac110017_sep_Ref_Bibliografica_Hanseniase_Manual_tabulacao_dos_indicadores.pdf","2024-10-16 15:09:27.834622"
134,571,"","0dab8afc-a042-11ef-bb0d-0242ac110017_sep_FICHA_1_-_INDICADOR_MATRICIAMENTO.docx","2024-11-11 12:31:42.999598"
126,534,"<p>Planilha Indicadores VEUS julho 2024</p>","2b03e620-95e4-11ef-b6d9-0242ac110017_sep_007_INDICADORES___PAINEL__1___3_.xlsx","2024-10-29 07:54:27.882742"
127,534,"<p>Indicador Profissionais 1</p>","91a6feb8-95ed-11ef-8262-0242ac110017_sep_001_Profissionais_28.10.2024.pdf","2024-10-29 09:01:45.549621"
128,534,"<p>Indicador Boletim Epidemiol&oacute;gico</p>","b48602da-95ed-11ef-be11-0242ac110017_sep_002_Boletim_Epidemiologico_28.10.2024.pdf","2024-10-29 09:02:44.065454"
129,534,"<p>Indicador Capacita&ccedil;&atilde;o 1</p>","c3bd7170-95ed-11ef-bfda-0242ac110017_sep_003_Capacitacao_-_Realizadas_28.10.2024.pdf","2024-10-29 09:03:09.598017"
131,534,"<p>Indicador Oportunidade</p>","e04d1e80-95ed-11ef-bc7d-0242ac110017_sep_005_Oportunidade_28.10.2024.pdf","2024-10-29 09:03:57.685741"
132,534,"<p>Indicador Representatividade</p>","edc9cc7a-95ed-11ef-bc7d-0242ac110017_sep_006_Representatividade.docx.pdf","2024-10-29 09:04:20.130792"
136,571,"","7c28e7cc-a042-11ef-9979-0242ac110017_sep_FICHA_2_-_INDICADOR_DE_ARTICULACAO_DE_REDE_2.docx","2024-11-11 12:34:48.34107"
137,571,"","83c10014-a042-11ef-9721-0242ac110017_sep_FICHA_3_-_INDICADOR_DE_SRT_3.docx","2024-11-11 12:35:01.084519"
139,571,"","cc300318-a042-11ef-afcc-0242ac110017_sep_PLANILHA_Permance_a_mesma_de_09_10_24.xlsx","2024-11-11 12:37:02.625245"
140,614,"","26b39f56-a2ab-11ef-a3cc-0242ac110017_sep_SEI_GOVERNADORIA_-_67280868_-_Oficio_-_Indicadores_de_desempenho.pdf","2024-11-14 14:09:04.454485"
141,614,"","433e641c-a2ab-11ef-92f6-0242ac110017_sep_FICHAS.pdf","2024-11-14 14:09:52.345484"
142,616,"","c37470b4-a831-11ef-811f-0242ac110017_sep_SEI_GOVERNADORIA_-_62627099_-_Despacho.pdf","2024-11-21 14:55:15.894903"
154,276,"<p>Fichas de qualifica&ccedil;&atilde;o dos indicadores</p>","f2d76e5a-e2e8-11ef-9d92-0242ac110017_sep_EEE_16_01_25_ficha_de_qualificacao_Ac._Trab._Exp._Material_Biologico.docx","2025-02-04 08:12:40.667457"
144,567,"","dab1f27e-b31c-11ef-b364-0242ac110017_sep_SEI_GOVERNADORIA_-_68155920_-_Oficio.pdf","2024-12-05 12:23:19.1843"
147,476,"","7627a3c0-d299-11ef-9362-0242ac110017_sep_02722938-a026-11ee-af19-0242ac110007_sep_Formulario_Solicitacao_de_Demanda_-57.pdf","2025-01-14 14:03:22.634047"
153,534,"<p>Tabela de Agravos 21 01 25</p>","cf2ff55e-df27-11ef-8076-0242ac110017_sep_tabela_de_agravos_SINAN_NET_-_ESUS_NOTIFICA_-_ESUS_SINAN_-_SIVEPGRIPE_-_SINAN_ONLINE.xlsx","2025-01-30 13:32:34.480367"
143,534,"<p>Planilha de resumo S&ocirc;nia</p>
<p><a title=""Planilha no drive"" href=""https://docs.google.com/spreadsheets/d/1MD-ab7tiZWg85u-lDBTI5DqoJc9bVRRTkR2Oy-nzMEc/edit?usp=sharing"">https://docs.google.com/spreadsheets/d/1MD-ab7tiZWg85u-lDBTI5DqoJc9bVRRTkR2Oy-nzMEc/edit?usp=sharing</a></p>",NULL,"2024-11-21 15:10:17.877326"
155,276,"<p>Planilha Resumo para elabora&ccedil;&atilde;o do Painel</p>","1a009ff6-e2e9-11ef-bd2c-0242ac110017_sep_Planilha_Explicativa_ACIDENTE_TRABALHO_MATERIAL_BIOLOGICO.xlsx","2025-02-04 08:13:46.410328"
157,276,"<p>S&eacute;rie hist&oacute;rica encaminhada pela &aacute;rea t&eacute;cnica 2014-2024 para checagem dados</p>","885582be-e2e9-11ef-9a53-0242ac110017_sep_BBB_Serie_Hist_Not_Acid_com_Exposicao_Mat_Biol_2014-2024.xlsx","2025-02-04 08:16:51.463597"
159,595,"<p>&nbsp;</p>
<p>Linka da tabela SIGTAP</p>
<p>Ato cont&iacute;nuo informamos o link de acesso &agrave; tabela de c&oacute;digos dos procedimentos cir&uacute;rgicos (grupo 04 da Tabela do SUS - SIGTAP) pertencentes ao grupo de complexidade da estratifica&ccedil;&atilde;o CIRURGIA ELETIVA AMBULATORIAL, conforme crit&eacute;rios adotados nos Anexos T&eacute;cnicos I dos Contratos de Gest&atilde;o:&nbsp;<a href=""https://docs.google.com/spreadsheets/d/1-N295mInPaggXVTf2aqqINaUTHBylguZByDIBOF9nH0/edit?gid=1201828891#gid=1201828891"" target=""_blank"" rel=""noopener"">https://docs.google.com/spreadsheets/d/1-N295mInPaggXVTf2aqqINaUTHBylguZByDIBOF9nH0/edit?gid=1201828891#gid=1201828891</a>.</p>
<p>&nbsp;</p>
<p>&nbsp;</p>",NULL,"2025-02-18 06:44:54.798132"
160,663,"<p><a href=""https://www.gov.br/governodigital/pt-br/estrategias-e-governanca-digital/rede-nacional-de-governo-digital/adesoes-a-rede-nacional-de-governo-digital"">https://www.gov.br/governodigital/pt-br/estrategias-e-governanca-digital/rede-nacional-de-governo-digital/adesoes-a-rede-nacional-de-governo-digital</a></p>",NULL,"2025-02-24 14:09:06.202891"
163,665,"","ff10017e-f381-11ef-8b95-0242ac11001d_sep_repo.drawio","2025-02-25 11:08:32.768097"
164,656,"<p><a href=""https://docs.google.com/spreadsheets/d/1-N295mInPaggXVTf2aqqINaUTHBylguZByDIBOF9nH0/edit?usp=sharing"">https://docs.google.com/spreadsheets/d/1-N295mInPaggXVTf2aqqINaUTHBylguZByDIBOF9nH0/edit?usp=sharing</a></p>",NULL,"2025-02-26 10:08:20.647569"
166,680,"","baee1322-fb7a-11ef-9c20-0242ac11001d_sep_SEI_GOVERNADORIA_-_71444943_-_Oficio.pdf","2025-03-07 14:36:41.299431"
167,504,"","fc4508ea-0f01-11f0-a6d5-0242ac11001d_sep_Relatorio_motivos_de_baixa.pdf","2025-04-01 11:02:45.095682"
168,591,"","f55c49c2-2a8f-11f0-9661-0242ac11001d_sep_SEI_-_202400010042359.pdf","2025-05-06 12:37:03.367835"
169,591,"","4b89dff8-2a90-11f0-a1bc-0242ac11001d_sep_PB_PARECER_CONSUBSTANCIADO_CEP_7450098__2_.pdf","2025-05-06 12:39:27.948292"
171,709,"","df2da9c2-2ce5-11f0-8272-0242ac11001d_sep_PROTOTIPO_DO_PAINEL_SASPMIG_equidade.pdf","2025-05-09 11:57:05.195806"
173,508,"","7d51a11a-46e2-11f0-9712-0242ac11001d_sep_-Homologacao_SG_junho_25.docx","2025-06-11 13:38:22.759022"
174,695,"","d6abc9de-5ce5-11f0-888d-0242ac11001d_sep_SEI_-_202500010042699.pdf","2025-07-09 13:57:46.792054"
176,500,"","a3be1844-63dc-11f0-9778-0242ac11001d_sep_Resumo_demanda_para_o_munka.docx","2025-07-18 10:39:34.014823"
177,533,"","03f866d4-6887-11f0-89ae-0242ac11001d_sep_ICSAP_Atualizacao_com_Marcos_24_07_25.docx","2025-07-24 09:09:14.517868"
178,709,"","6f52781c-7ddf-11f0-b7c3-0242ac110012_sep_BBB_Posicao_final_Aba_Cadastro_aceita_por_eles_em_15_07_25.xlsx","2025-08-20 13:05:04.772004"
115,592,"","13ad3506-84a7-11ef-80f7-0242ac110017_sep_SEI_GOVERNADORIA_-_64840440_-_Oficio_-RTME.pdf","2024-10-07 09:24:19.725147"
116,595,"","d8e94616-8655-11ef-aaa6-0242ac110017_sep_SEI_GOVERNADORIA_-_58997957_-_Oficio_1.pdf","2024-10-09 12:47:54.24769"
117,595,"","e0143770-8655-11ef-98cd-0242ac110017_sep_SEI_GOVERNADORIA_-_59109661_-_Despacho_2.pdf","2024-10-09 12:48:06.33126"
118,595,"","e83e4b48-8655-11ef-b4dd-0242ac110017_sep_SEI_GOVERNADORIA_-_65789687_-_Despacho_3.pdf","2024-10-09 12:48:19.920909"
119,523,"","2fe5723a-86ee-11ef-86c6-0242ac110017_sep_PLANILHA_HERMES__1__p_GEIN_1.xlsx","2024-10-10 06:58:23.661764"
122,521,"","bec3c916-8be9-11ef-b818-0242ac110017_sep_Ref_Bibliografica_Hanseniase_diretrizes_para_._eliminacao_manual.pdf","2024-10-16 15:09:11.731516"
124,521,"","d2353b9c-8be9-11ef-be91-0242ac110017_sep_Ref_Bibliografica_Hanseniase_PCDT_hans_2022_eletronica_ISBN_1.pdf","2024-10-16 15:09:44.320476"
130,534,"<p>Indicador Capacita&ccedil;&atilde;o 2</p>","cfbeca28-95ed-11ef-bfda-0242ac110017_sep_004_Capacitacoes_-_Participacao_28.10.2024_2.pdf","2024-10-29 09:03:29.728714"
138,571,"","90ac9f36-a042-11ef-b9a8-0242ac110017_sep_MONIT_CONTRAPARTIDA_FORMULA_ANALISADO.xlsx","2024-11-11 12:35:22.766029"
145,567,"","e1d67be2-b31c-11ef-bd47-0242ac110017_sep_Indicadores_Estrategicos_ASIS_Macrorregional___LISTA_Observatorio__1___1__1.xlsx","2024-12-05 12:23:30.542539"
156,276,"<p>Sobre os dados</p>","2cc1377c-e2e9-11ef-a36c-0242ac110017_sep_DDD_Sobre_os_dados.docx","2025-02-04 08:14:17.817694"
161,663,"<p><a href=""https://goiasgovbr-my.sharepoint.com/:x:/r/personal/fabiano_amaral_goias_gov_br/_layouts/15/Doc.aspx?sourcedoc=%7BF2478009-212B-4F64-993D-6C645E6A5532%7D&amp;file=Integra%25u00e7%25u00f5es%20%25u00e0%20RNDS%20-%20Salas%20de%20Vacina%20(10-02-2025).xlsx&amp;fromShare=true&amp;action=default&amp;mobileredirect=true"">https://goiasgovbr-my.sharepoint.com/:x:/r/personal/fabiano_amaral_goias_gov_br/_layouts/15/Doc.aspx?sourcedoc=%7BF2478009-212B-4F64-993D-6C645E6A5532%7D&amp;file=Integra%25u00e7%25u00f5es%20%25u00e0%20RNDS%20-%20Salas%20de%20Vacina%20(10-02-2025).xlsx&amp;fromShare=true&amp;action=default&amp;mobileredirect=true</a></p>
<p>&nbsp;</p>",NULL,"2025-02-24 14:09:28.75486"
165,616,"","425da1fa-f52d-11ef-b0d8-0242ac11001d_sep_SEI_GOVERNADORIA_-_49161121_-_Despacho.pdf","2025-02-27 14:07:00.872659"
170,591,"","53b9ec72-2a90-11f0-b297-0242ac11001d_sep_PB_PARECER_CONSUBSTANCIADO_CEP_7544918.pdf","2025-05-06 12:39:41.684873"
172,709,"","e65eeb3e-2ce5-11f0-89e7-0242ac11001d_sep_Painel_Equidade.pdf","2025-05-09 11:57:17.26102"
179,882,"<p>https://goiasgovbr-my.sharepoint.com/:x:/g/personal/angela_barbosa_goias_gov_br/IQCg2EYXvc45QI2qKbC7vNuSAYCIJbzQ6GwnxVc4mv8pXsM?e=8Blufr</p>",NULL,"2025-12-12 11:30:27.200571"
181,511,"","b928f0d8-eaf9-11f0-b71c-0242ac11000f_sep_Impacto_para_Habilitacao_UNACON_CACON_1.xlsx","2026-01-06 09:17:52.374615"
182,511,"","c4d5baba-eaf9-11f0-b9ae-0242ac11000f_sep_SEI_81681757_Despacho_137.pdf","2026-01-06 09:18:12.098131"
183,749,"","ce977dd0-eaff-11f0-a8b0-0242ac11000f_sep_Tabela_Procedimentos_de_CAPS_ATUALIZADA_.pdf","2026-01-06 10:01:25.274586"
184,749,"","02c80d18-eb00-11f0-adae-0242ac11000f_sep_AAA_PROJETO_TECNICO_RAPS_GOIAS_REGRAS_NEGOCIO_FINAL.docx","2026-01-06 10:02:52.830607"
185,749,"","0e86a754-eb00-11f0-a1d2-0242ac11000f_sep_MONITORAMENTO_COFI_RAPS___ADIANTAMENTO.xlsx","2026-01-06 10:03:12.566678"
186,749,"","16b23560-eb00-11f0-840f-0242ac11000f_sep_PLANILHA_SONIA_analisada_07_02_25.xlsx","2026-01-06 10:03:26.227431"
187,749,"","256ebc54-eb00-11f0-80ad-0242ac11000f_sep_Resolucao_n__048_2024_Cofinanciamento_RAPS.pdf","2026-01-06 10:03:50.935279"
188,749,"","2e040856-eb00-11f0-8dce-0242ac11000f_sep_Tabela_Procedimentos_de_CAPS_ATUALIZADA_.pdf","2026-01-06 10:04:05.328374"
189,888,"","0a348aa8-ec87-11f0-8abf-0242ac11000f_sep_Paineis_Procempa.pdf","2026-01-08 08:41:58.471163"
190,888,"","15106578-ec87-11f0-b955-0242ac11000f_sep_SEI_83806193_Oficio_92475.pdf","2026-01-08 08:42:16.680865"
192,888,"<p>Indicadores e link das fichas</p>","57f96d20-f174-11f0-b226-0242ac11000f_sep_SEI_84816384_Despacho_19_1.pdf","2026-01-14 15:10:44.361007"
193,924,"","e8334be2-f62c-11f0-807a-0242ac11000f_sep_PAINEL_DE_CONTROLE.pdf","2026-01-20 15:21:58.344695"
194,924,"","f258f298-f62c-11f0-abce-0242ac11000f_sep_SEI_83322993_Oficio_89945_1.pdf","2026-01-20 15:22:15.385776"
195,891,"","93be649c-f62d-11f0-bd5d-0242ac11000f_sep_SEI_83429781_Solicitacao_de_Demandas_para_a_SUTIS___SES_1.pdf","2026-01-20 15:26:46.140605"
196,754,"<p>Planilha atualizada da aba Atendimentos do Painel da popula&ccedil;&atilde;o Imigrante - Atendimento - 360</p>","0bb84050-fb81-11f0-8507-0242ac11000f_sep_Planilha_Indicadores_Imigrantes_-_Atendimentos.xlsx","2026-01-27 10:06:51.469475"
197,754,"<p>Atualiza&ccedil;&atilde;o da planilha Imigrantes - Atendimentos para melhor compreens&atilde;o do c&aacute;lculo da porcentagem</p>","1aa80fb6-0359-11f1-9698-0242ac11000f_sep_Planilha_dos_Indicadores_para_Helo_06_02_26.xlsx","2026-02-06 09:41:06.085863"
198,754,"<p>Atualiza&ccedil;&atilde;o da planilha Imigrantes - Atendimentos para melhor compreens&atilde;o do c&aacute;lculo da porcentagem</p>","21bfb0e2-0359-11f1-a726-0242ac11000f_sep_Planilha_dos_Indicadores_para_Helo_06_02_26.xlsx","2026-02-06 09:41:18.090439"
199,960,"","9974c962-0d98-11f1-a46e-0242ac110012_sep_SEI_85619850_Solicitacao_de_Demandas_para_a_SUTIS___SES_1.pdf","2026-02-19 10:40:48.615279"
200,100,"","0506f92e-1349-11f1-82af-0242ac110012_sep_SEI_86420532_Solicitacao_de_Demandas_para_a_SUTIS___SES_1.pdf","2026-02-26 16:26:16.324638"
201,100,"","0ef6962e-1349-11f1-bab9-0242ac110012_sep_SEI_86407561_Oficio_10768.pdf","2026-02-26 16:26:33.007067"
202,891,"","d813f844-197f-11f1-8efb-0242ac110012_sep_PROJETO_PLATAFORMA_360_-_VIOLENCIA_REVISADO_FATIMA.docx","2026-03-06 14:13:50.21912"
204,891,"","0efa1654-1980-11f1-a20c-0242ac110012_sep_INDICADOR_NUMERO_MUNICIPIOS_NOTIFICANTES.docx","2026-03-06 14:15:22.33021"
206,891,"","dd17c636-1c63-11f1-9ee9-0242ac110012_sep_Violencias_Planilha_colocada_no_munka_09_03_26.xlsx","2026-03-10 06:31:06.288694"
207,100,"","a5c938da-1c6e-11f1-8f15-0242ac110012_sep_Planilha_metas_PES_2026DOMI.csv","2026-03-10 07:48:17.890013"
208,878,"","5f7570a0-1c74-11f1-8bbf-0242ac110012_sep_Planilha_metas_PES_2026_GRUPO_1_para_as_meninas.xls","2026-03-10 08:29:16.889445"
211,967,"","410c070a-1d73-11f1-84ab-0242ac110012_sep_SEI_86908213_Despacho_122_1.pdf","2026-03-11 14:53:47.520289"
212,967,"","541d05d8-1d73-11f1-a21f-0242ac110012_sep_SEI_87380270_Despacho_773.pdf","2026-03-11 14:54:19.516086"
213,969,"","0ffece9c-278f-11f1-ac42-0242ac110012_sep_SEI_88038581_Oficio_Circular_392.pdf","2026-03-24 11:38:02.805331"
214,972,"","5ee1447c-2929-11f1-ad9a-0242ac110012_sep_SEI_87907158_Oficio_19951.pdf","2026-03-26 12:35:08.780658"
215,790,"","3bd512ac-2d06-11f1-ac55-0242ac110012_sep_Nota_Metodologica_C7_-_Cuidado_da_mulher_na_prevencao_do_cancer.pdf","2026-03-31 10:33:42.25847"
216,790,"","4216b742-2d06-11f1-a049-0242ac110012_sep_Nota_Metodologica_C6_-_Cuidado_da_pessoa_idosa.pdf","2026-03-31 10:33:52.745386"
217,790,"","4943fc64-2d06-11f1-934d-0242ac110012_sep_Nota_Metodologica_C5_-_Cuidado_da_pessoa_com_hipertensao.pdf","2026-03-31 10:34:04.792248"
218,790,"","4f27cbf6-2d06-11f1-a049-0242ac110012_sep_Nota_Metodologica_C4_-_Cuidado_da_pessoa_com_diabetes.pdf","2026-03-31 10:34:14.680226"
219,790,"","58bd972c-2d06-11f1-b326-0242ac110012_sep_Nota_Metodologica_C3_-_Cuidado_na_gestacao_e_puerperio.pdf","2026-03-31 10:34:30.757542"
220,790,"","6113e480-2d06-11f1-97ed-0242ac110012_sep_Nota_Metodologica_C1_-_Mais_acesso.pdf","2026-03-31 10:34:44.751692"
221,790,"","6b2204a2-2d06-11f1-ad91-0242ac110012_sep_nota-tecnica-no-30-2025-cgesco-desco-saps-ms.pdf","2026-03-31 10:35:01.604979"
222,790,"","774bac38-2d06-11f1-aa0e-0242ac110012_sep_Nota_Metodologica_C2_-_Cuidado_no_desenvolvimento_infantil.pdf","2026-03-31 10:35:22.011866"
223,511,"","a06f6002-3416-11f1-ba35-0242ac110012_sep_Anexo_ao_despacho_19.docx","2026-04-09 10:18:41.85467"
224,511,"","a712a9f0-3416-11f1-8a18-0242ac110012_sep_Anexo_ao_despacho_19.docx","2026-04-09 10:18:52.867921"
225,977,"","bd2e5238-380e-11f1-ba01-0242ac110012_sep_SEI_87941016_Oficio_20207.pdf","2026-04-14 11:32:18.090264"
226,977,"","412e6bfc-3a8c-11f1-8489-0242ac110010_sep_NIR_DIGITAL_2.xls","2026-04-17 15:35:48.907805"
227,668,"","3f62eaa0-3ef6-11f1-9ce5-0242ac110010_sep_Dados_de_vacinacao_15042026.xlsx","2026-04-23 06:24:37.202768"
228,969,"<p><a href=""https://guia-indicadores.saude.go.gov.br/index#indicador-736"">https://guia-indicadores.saude.go.gov.br/index#indicador-736</a></p>
<p>link da ficha de qualifica&ccedil;&atilde;o</p>",NULL,"2026-04-24 11:34:42.904378"
229,982,"","8c75384c-424e-11f1-8f56-0242ac110010_sep_SEI_89315459_Solicitacao_de_Demandas_para_a_SUTIS___SES_1.pdf","2026-04-27 12:34:15.755913"
230,982,"","96c0b2e0-424e-11f1-8dd1-0242ac110010_sep_SEI_89317154_Despacho_1073.pdf","2026-04-27 12:34:33.03589"
231,891,"","64d788ce-4e26-11f1-a2f9-0242ac110010_sep_SEI_90122632_Despacho_146.pdf","2026-05-12 14:17:03.312641"
232,891,"","757caf24-4e26-11f1-87c6-0242ac110010_sep_INDICADORES_VIGILANCIA_DE_VIOLENCIA.pdf","2026-05-12 14:17:31.233859"
233,891,"","de1d19a8-4ed8-11f1-900a-0242ac110010_sep_TEXTO_INDICADORES_VIGILANCIA_DE_VIOLENCIA.pdf","2026-05-13 11:34:37.185508"
234,891,"","dfc4065e-4ed8-11f1-82e8-0242ac110010_sep_TEXTO_INDICADORES_VIGILANCIA_DE_VIOLENCIA.pdf","2026-05-13 11:34:39.990249"
235,989,"","1f55b094-5067-11f1-87c6-0242ac110010_sep_SEI_89373663_Oficio_29249.pdf","2026-05-15 11:05:26.352974"
236,989,"","2b2fdf7a-5067-11f1-958b-0242ac110010_sep_SEI_89375917_Solicitacao_de_Demandas_para_a_SUTIS___SES_2.pdf","2026-05-15 11:05:46.19148"
237,989,"","43b874b2-5067-11f1-90b5-0242ac110010_sep_PESQUISA_DE_SATISFACAO_DAS_UNDIADES_ESTADUAIS_DE_SAUDE___MODELO.pdf","2026-05-15 11:06:27.342954"
238,989,"","49e6c8b6-5067-11f1-bef5-0242ac110010_sep_LISTA_DOS_INDICADORES_E_COLUNAS_CORRESPONDENTES_NO_METABASE.pdf","2026-05-15 11:06:37.711064"
239,989,"","54346e86-5067-11f1-b9e2-0242ac110010_sep_SUGESTAO__RECLAMACAO_OU_ELOGIO___PLN__5_.pdf","2026-05-15 11:06:55.034138"
240,989,"","5bf2e620-5067-11f1-b375-0242ac110010_sep_proposta.pdf","2026-05-15 11:07:08.070149"
241,990,"","81340b1a-52c1-11f1-80a5-0242ac110010_sep_SEI_89597550_Oficio_30643.pdf","2026-05-18 10:57:27.530184"
242,891,"","23fa3b26-553d-11f1-836c-0242ac110010_sep_Violencias_Planilha_atualizada_colocada_no_munka_21_05_26.xlsx","2026-05-21 14:47:31.061736"
243,276,"","69b931d2-59d7-11f1-b90c-0242ac110010_sep_RELATORIO_Ind_Painel_S_Trabalhador_07_05_26.docx","2026-05-27 11:21:55.249922"
244,967,"","3fe18d74-5dc3-11f1-8444-0242ac110010_sep_SEI_89312290_Despacho_253.pdf","2026-06-01 11:07:39.734244"
